Company Name,Country,Industry,Website,Description
NovaPay Solutions,Pakistan,Financial Services,https://example.com/novapay,Provides digital payment and merchant transaction services for small businesses.
GreenCart Logistics,Pakistan,Logistics,https://example.com/greencart,Provides last-mile delivery and logistics management for online retailers.
MediCore Labs,Pakistan,Healthcare,https://example.com/medicore,"Develops software for clinic management, appointments, and patient records."
CloudBridge Consulting,United Kingdom,Financial Consulting,https://example.com/cloudbridge,Provides financial advisory and business consulting services to small companies.
SafeTrade Exchange,United Arab Emirates,FinTech,https://example.com/safetrade,Provides digital asset exchange and payment-related services.
AgroLink Marketplace,Pakistan,Agriculture,https://example.com/agrolink,Connects farmers with buyers through an online agricultural marketplace.
EduSpark Technologies,Pakistan,EdTech,https://example.com/eduspark,Provides online learning platforms and educational technology services.
SecureID Verify,Singapore,Identity Verification,https://example.com/secureid,Provides digital identity verification and customer onboarding technology.
Oceanic Imports,United Arab Emirates,Import and Export,https://example.com/oceanic,Imports consumer goods and distributes products to regional retailers.
BrightHome Energy,Pakistan,Energy,https://example.com/brighthome,Installs solar energy systems for residential and commercial customers.
QuickLoan Capital,Pakistan,Lending,https://example.com/quickloan,Provides online financing and short-term business lending services.
HealthRoute Pharmacy,United Kingdom,Pharmacy,https://example.com/healthroute,Operates an online pharmacy platform for health and wellness products.
CodeNest Software,Pakistan,Software Development,https://example.com/codenest,Builds custom web and mobile applications for business clients.
GlobalRemit Services,United Kingdom,Money Transfer,https://example.com/globalremit,Provides international money transfer services for individuals and families.
UrbanBuild Materials,Pakistan,Construction,https://example.com/urbanbuild,Supplies construction materials to contractors and property developers.
TravelSphere Tours,Turkey,Travel,https://example.com/travelsphere,Provides international travel booking and tour management services.
CryptoVault Markets,Estonia,Digital Assets,https://example.com/cryptovault,Provides digital asset trading and custody-related technology.
FreshBasket Foods,Pakistan,Food Retail,https://example.com/freshbasket,Operates an online grocery marketplace connecting customers with food suppliers.
LegalEase Advisors,Pakistan,Legal Services,https://example.com/legalease,Provides legal documentation and business advisory services.
DataPulse Analytics,United States,Data Analytics,https://example.com/datapulse,Provides business intelligence dashboards and analytics services.
FinServe Partners,Pakistan,Financial Services,https://example.com/finserve,Provides corporate financial planning and investment advisory services.
ShopSphere Online,United Arab Emirates,E-commerce,https://example.com/shopsphere,"Operates an online marketplace for electronics, home goods, and lifestyle products."
MediConnect Telehealth,Singapore,Healthcare Technology,https://example.com/mediconnect,Provides remote healthcare consultations and digital patient management.
PrimeFX Advisory,United Kingdom,Foreign Exchange,https://example.com/primefx,Provides foreign exchange advisory and currency-related services.
BuildRight Developers,Pakistan,Real Estate,https://example.com/buildright,Develops residential and commercial property projects.
CyberShield Systems,Pakistan,Cybersecurity,https://example.com/cybershield,Provides cybersecurity monitoring and security assessment services.
PayFlow Merchant Services,United Arab Emirates,Payments,https://example.com/payflow,Provides payment processing and merchant payment technology.
LearnLoop Academy,Pakistan,Education,https://example.com/learnloop,Provides online professional training and certification programs.
AutoParts Hub,Pakistan,Automotive,https://example.com/autoparts,Operates an online marketplace for vehicle parts and accessories.
InvestWise Platform,Singapore,Investment Technology,https://example.com/investwise,Provides digital investment planning and portfolio management tools.
NorthStar Remittance,Pakistan,Money Transfer,https://example.com/northstar,Provides cross-border remittance services for individuals.
Vertex AI Labs,Pakistan,Artificial Intelligence,https://example.com/vertexai,Develops AI solutions for business process automation and analytics.
TrustCore Compliance,United Kingdom,RegTech,https://example.com/trustcore,Provides compliance workflow and regulatory monitoring software for businesses.
GlobalMed Supplies,United Arab Emirates,Medical Supplies,https://example.com/globalmed,Distributes medical equipment and healthcare supplies to clinics.
RapidFunds Marketplace,Pakistan,FinTech,https://example.com/rapidfunds,Connects small businesses with financing providers through a digital platform.
BlueWave Digital,Pakistan,Digital Marketing,https://example.com/bluewave,"Provides digital marketing, advertising, and customer analytics services."
PrimeEstate Online,Pakistan,Real Estate Technology,https://example.com/primeestate,Provides an online platform for property listings and real estate services.
ShieldBank Technologies,Singapore,Banking Technology,https://example.com/shieldbank,Provides software infrastructure and security tools for financial institutions.
SmartFleet Systems,Pakistan,Fleet Management,https://example.com/smartfleet,"Provides fleet tracking, route optimization, and vehicle management software."
HealthPay Connect,United Kingdom,Healthcare Payments,https://example.com/healthpay,Provides payment technology for healthcare providers and clinics.
